type,title,cast,country,rating,listed_in,combination
TV Show,dog: impossible,matt beisner,united states,tv-pg,"animals & nature, docuseries, family","TV Show tv-pg animals & nature, docuseries, family matt beisner united states"
TV Show,spidey and his amazing friends,benjamin valic  lily sanfelippo  jakari fraser,united states,tv-y,"action-adventure, animation, kids","TV Show tv-y action-adventure, animation, kids benjamin valic  lily sanfelippo  jakari fraser united states"
TV Show,star wars: visions,unknown,unknown,tv-pg,"action-adventure, animation, anime","TV Show tv-pg action-adventure, animation, anime unknown unknown"
TV Show,life below zero,chip hailstone  agnes hailstone  sue aikens,united states,tv-14,"action-adventure, animals & nature, docuseries","TV Show tv-14 action-adventure, animals & nature, docuseries chip hailstone  agnes hailstone  sue aikens united states"
TV Show,miraculous: tales of ladybug & cat noir,cristina vee  bryce papenbrook  keith silverstein,"france, south korea, japan, united states",tv-y7,"action-adventure, animation, fantasy","TV Show tv-y7 action-adventure, animation, fantasy cristina vee  bryce papenbrook  keith silverstein france, south korea, japan, united states"
TV Show,ready for preschool,unknown,unknown,tv-y,"kids, music","TV Show tv-y kids, music unknown unknown"
TV Show,unknown waters with jeremy wade,jeremy wade,unknown,tv-14,"animals & nature, docuseries","TV Show tv-14 animals & nature, docuseries jeremy wade unknown"
TV Show,"doogie kamealoha, m.d.",peyton elizabeth lee  emma meisel  matthew sato,united states,tv-pg,"comedy, coming of age, family","TV Show tv-pg comedy, coming of age, family peyton elizabeth lee  emma meisel  matthew sato united states"
TV Show,"mira, royal detective",leela ladnier  utkarsh ambudkar  roshni edwards,united states,tv-y,"animation, fantasy, kids","TV Show tv-y animation, fantasy, kids leela ladnier  utkarsh ambudkar  roshni edwards united states"
TV Show,pepper ann,kathleen wilhoite  clea lewis  danny cooksey,united states,tv-y,"animation, comedy, coming of age","TV Show tv-y animation, comedy, coming of age kathleen wilhoite  clea lewis  danny cooksey united states"
TV Show,the incredible dr. pol,rick robles  dr. pol,united states,tv-14,"animals & nature, docuseries, family","TV Show tv-14 animals & nature, docuseries, family rick robles  dr. pol united states"
TV Show,alaska animal rescue,victoria vosburg,united states,tv-pg,"animals & nature, docuseries, family","TV Show tv-pg animals & nature, docuseries, family victoria vosburg united states"
TV Show,dug days,bob peterson  ed asner  jordan nagai,united states,tv-pg,"animation, comedy, family","TV Show tv-pg animation, comedy, family bob peterson  ed asner  jordan nagai united states"
TV Show,dr. k's exotic animal er,dr. susan kelleher  art edmonds,unknown,tv-14,"animals & nature, docuseries, family","TV Show tv-14 animals & nature, docuseries, family dr. susan kelleher  art edmonds unknown"
TV Show,gigantosaurus,dylan schombing  áine sunderland  nahanni mitchell,france,tv-y,"action-adventure, animation, kids","TV Show tv-y action-adventure, animation, kids dylan schombing  áine sunderland  nahanni mitchell france"
TV Show,life below zero: next generation,mocean melvin,united states,tv-14,"action-adventure, animals & nature, docuseries","TV Show tv-14 action-adventure, animals & nature, docuseries mocean melvin united states"
TV Show,"dr. oakley, yukon vet",dr. michelle oakley  zachary fine,united states,tv-pg,"action-adventure, animals & nature, docuseries","TV Show tv-pg action-adventure, animals & nature, docuseries dr. michelle oakley  zachary fine united states"
TV Show,growing up animal,tracee ellis ross,unknown,tv-pg,"animals & nature, docuseries, family","TV Show tv-pg animals & nature, docuseries, family tracee ellis ross unknown"
TV Show,america's funniest home videos: animal edition,alfonso ribeiro,unknown,tv-pg,reality,TV Show tv-pg reality alfonso ribeiro unknown
TV Show,chicken squad,ramone hamilton  gabriella graves  maxwell simkins,united states,tv-y,"animation, kids, police/cop","TV Show tv-y animation, kids, police/cop ramone hamilton  gabriella graves  maxwell simkins united states"
TV Show,disney presents goofy in how to stay at home,bill farmer  corey burton,unknown,tv-g,"animation, comedy, family","TV Show tv-g animation, comedy, family bill farmer  corey burton unknown"
TV Show,gabby duran and the unsittables,kylie cantrall  maxwell donovan  callan farris,united states,tv-g,"comedy, family, science fiction","TV Show tv-g comedy, family, science fiction kylie cantrall  maxwell donovan  callan farris united states"
TV Show,what if...?,unknown,unknown,tv-14,"action-adventure, animation, anthology","TV Show tv-14 action-adventure, animation, anthology unknown unknown"
TV Show,cesar millan: better human better dog,dustin rubin,unknown,tv-14,"animals & nature, docuseries, family","TV Show tv-14 animals & nature, docuseries, family dustin rubin unknown"
TV Show,disney fancy nancy,mia jenness  alyson hannigan  rob riggle,"united states, canada",tv-pg,"animation, kids","TV Show tv-pg animation, kids mia jenness  alyson hannigan  rob riggle united states, canada"
TV Show,walt disney animation studios: short circuit experimental films,unknown,unknown,pg,"animation, anthology, family","TV Show pg animation, anthology, family unknown unknown"
TV Show,chip 'n' dale: park life,matthew géczy  kaycie chase  bill farmer,unknown,tv-y7,"animation, buddy, comedy","TV Show tv-y7 animation, buddy, comedy matthew géczy  kaycie chase  bill farmer unknown"
TV Show,critter fixers: country vets,sullivan jones,united states,tv-14,"animals & nature, docuseries, family","TV Show tv-14 animals & nature, docuseries, family sullivan jones united states"
TV Show,disney junior t.o.t.s.,vanessa williams  megan hilty  jet jurgensmeyer,united states,tv-y,"animation, buddy, kids","TV Show tv-y animation, buddy, kids vanessa williams  megan hilty  jet jurgensmeyer united states"
TV Show,mickey mouse funhouse,bret iwan  kaitlyn robrock  bill farmer,unknown,tv-y,"animation, kids","TV Show tv-y animation, kids bret iwan  kaitlyn robrock  bill farmer unknown"
TV Show,minnie's bow-toons: party palace pals,tress macneille  nika futterman  kaitlyn robrock,unknown,tv-y7,"animation, kids","TV Show tv-y7 animation, kids tress macneille  nika futterman  kaitlyn robrock unknown"
TV Show,turning the tables with robin roberts,robin roberts,unknown,tv-pg,talk show,TV Show tv-pg talk show robin roberts unknown
TV Show,behind the attraction,paget brewster,unknown,tv-pg,"docuseries, family","TV Show tv-pg docuseries, family paget brewster unknown"
TV Show,disney the owl house,sarah-nicole robles  wendie malick  alex hirsch,united states,tv-y7,"action-adventure, animation, anime","TV Show tv-y7 action-adventure, animation, anime sarah-nicole robles  wendie malick  alex hirsch united states"
TV Show,meet spidey and his amazing friends (shorts),ben valic  melanie minichino,unknown,tv-y,"action-adventure, animation, kids","TV Show tv-y action-adventure, animation, kids ben valic  melanie minichino unknown"
TV Show,mission force one,justin felbinger  fiona bishop  ivy bishop,united states,tv-y,"action-adventure, animation, kids","TV Show tv-y action-adventure, animation, kids justin felbinger  fiona bishop  ivy bishop united states"
TV Show,turner & hooch,josh peck  carra patterson  lyndsy fonseca,unknown,tv-pg,"action-adventure, buddy, comedy","TV Show tv-pg action-adventure, buddy, comedy josh peck  carra patterson  lyndsy fonseca unknown"
TV Show,shark attack files,unknown,unknown,tv-14,reality,TV Show tv-14 reality unknown unknown
TV Show,so random!,tiffany thornton  sterling knight  brandon mychal smith,united states,tv-g,"comedy, coming of age","TV Show tv-g comedy, coming of age tiffany thornton  sterling knight  brandon mychal smith united states"
TV Show,when sharks attack,eric meyers,united states,tv-14,reality,TV Show tv-14 reality eric meyers united states
TV Show,breaking bobby bones,bobby bones,united states,tv-14,"action-adventure, docuseries, reality","TV Show tv-14 action-adventure, docuseries, reality bobby bones united states"
TV Show,mickey mouse mixed-up adventures,bret iwan  russi taylor  bill farmer,united states,tv-y,"animation, kids, sports","TV Show tv-y animation, kids, sports bret iwan  russi taylor  bill farmer united states"
TV Show,monsters at work,billy crystal  john goodman  ben feldman,united states,tv-g,"animation, comedy, family","TV Show tv-g animation, comedy, family billy crystal  john goodman  ben feldman united states"
TV Show,disney raven's home,raven-symoné   issac brown  navia robinson,united states,tv-g,"comedy, family, fantasy","TV Show tv-g comedy, family, fantasy raven-symoné   issac brown  navia robinson united states"
TV Show,pj masks,kyle breitkopf  jacob ursomarzo  addison holley,"france, united kingdom",tv-y7,"action-adventure, animation, kids","TV Show tv-y7 action-adventure, animation, kids kyle breitkopf  jacob ursomarzo  addison holley france, united kingdom"
TV Show,running wild with bear grylls,bear grylls,united states,tv-pg,"action-adventure, reality, survival","TV Show tv-pg action-adventure, reality, survival bear grylls united states"
TV Show,the mysterious benedict society,tony hale  kristen schaal  mystic inscho,united states,tv-pg,"action-adventure, family","TV Show tv-pg action-adventure, family tony hale  kristen schaal  mystic inscho united states"
TV Show,dino ranch,tyler nathan  jacob mazeral  ava ro,canada,tv-y,"animation, kids, western","TV Show tv-y animation, kids, western tyler nathan  jacob mazeral  ava ro canada"
TV Show,disney just roll with it,ramon reed  kaylin hayman  suzi barrett,united states,tv-y7,"comedy, family","TV Show tv-y7 comedy, family ramon reed  kaylin hayman  suzi barrett united states"
TV Show,"heartland docs, dvm",dr. erin schroeder  dr. ben schroeder,united states,tv-14,"animals & nature, docuseries, family","TV Show tv-14 animals & nature, docuseries, family dr. erin schroeder  dr. ben schroeder united states"
TV Show,star wars vintage: droids,anthony daniels  r2-d2  lesleh donaldson,unknown,tv-y7-fv,"action-adventure, animation, fantasy","TV Show tv-y7-fv action-adventure, animation, fantasy anthony daniels  r2-d2  lesleh donaldson unknown"
TV Show,puppy dog pals,harland williams  isaac brown  jessica dicicco,"united states, india",tv-g,"animation, kids","TV Show tv-g animation, kids harland williams  isaac brown  jessica dicicco united states, india"
TV Show,zenimation,unknown,united states,tv-g,"animation, anthology, family","TV Show tv-g animation, anthology, family unknown united states"
TV Show,loki,tom hiddleston,unknown,tv-14,"action-adventure, fantasy, science fiction","TV Show tv-14 action-adventure, fantasy, science fiction tom hiddleston unknown"
TV Show,disney amphibia,justin felbinger  amanda leighton  bill farmer,"united states, south korea",tv-y7,"animation, comedy, family","TV Show tv-y7 animation, comedy, family justin felbinger  amanda leighton  bill farmer united states, south korea"
TV Show,gordon ramsay: uncharted,gordon ramsay,united states,tv-14,"action-adventure, docuseries, lifestyle","TV Show tv-14 action-adventure, docuseries, lifestyle gordon ramsay united states"
TV Show,muppet babies,matt danner  melanie harrison  ben diskin,"south korea, united states, china, japan",tv-y,"animation, kids","TV Show tv-y animation, kids matt danner  melanie harrison  ben diskin south korea, united states, china, japan"
TV Show,bluey,dave mccormack  melanie zanetti  brad elliot,"australia, united kingdom",tv-y,"animation, kids","TV Show tv-y animation, kids dave mccormack  melanie zanetti  brad elliot australia, united kingdom"
TV Show,disney sydney to the max,ruth righi  ava kolker  jackson dollinger,united states,tv-g,"comedy, coming of age, family","TV Show tv-g comedy, coming of age, family ruth righi  ava kolker  jackson dollinger united states"
TV Show,kingdom of the polar bears,dennis compayre,unknown,tv-pg,"animals & nature, docuseries","TV Show tv-pg animals & nature, docuseries dennis compayre unknown"
TV Show,wicked tuna,mike rowe,united states,tv-14,"action-adventure, animals & nature, docuseries","TV Show tv-14 action-adventure, animals & nature, docuseries mike rowe united states"
TV Show,big city greens,chris houghton  marieve herington  bob joles,"united states, south korea",tv-y7,"action-adventure, animation, comedy","TV Show tv-y7 action-adventure, animation, comedy chris houghton  marieve herington  bob joles united states, south korea"
TV Show,fury files,chi mcbride,unknown,tv-y7,animation,TV Show tv-y7 animation chi mcbride unknown
TV Show,ice road rescue,david wartnaby  bjørn lægreid  thord paulsen,united kingdom,tv-14,"docuseries, reality, survival","TV Show tv-14 docuseries, reality, survival david wartnaby  bjørn lægreid  thord paulsen united kingdom"
TV Show,schoolhouse rock!,bob dorough  jack sheldon  lynn ahrens,united states,tv-g,"animals & nature, animation, kids","TV Show tv-g animals & nature, animation, kids bob dorough  jack sheldon  lynn ahrens united states"
TV Show,disney special agent oso: three healthy steps (shorts),sean astin  meghan strange  phill lewis,unknown,tv-y,"action-adventure, animation, kids","TV Show tv-y action-adventure, animation, kids sean astin  meghan strange  phill lewis unknown"
TV Show,race to the center of the earth,chris payne gilbert,united states,tv-14,"action-adventure, family, game show / competition","TV Show tv-14 action-adventure, family, game show / competition chris payne gilbert united states"
TV Show,special agent oso,sean astin  meghan strange  gary anthony williams,"united states, united kingdom, south korea",tv-y,"action-adventure, animation, kids","TV Show tv-y action-adventure, animation, kids sean astin  meghan strange  gary anthony williams united states, united kingdom, south korea"
TV Show,the incredible hulk,neal mcdonough  john vernon  luke perry,united states,tv-y7,"action-adventure, animation, kids","TV Show tv-y7 action-adventure, animation, kids neal mcdonough  john vernon  luke perry united states"
TV Show,wander over yonder,jack mcbrayer  april winchell  keith ferguson,"united states, canada, ireland",tv-y7,comedy,"TV Show tv-y7 comedy jack mcbrayer  april winchell  keith ferguson united states, canada, ireland"
TV Show,star wars vehicle flythroughs,unknown,unknown,tv-g,"anthology, science fiction","TV Show tv-g anthology, science fiction unknown unknown"
TV Show,the bad batch,dee bradley baker,unknown,tv-pg,"action-adventure, animation, science fiction","TV Show tv-pg action-adventure, animation, science fiction dee bradley baker unknown"
TV Show,spider-man,christopher daniel barnes  edward asner  linda gray,united states,tv-y7,"action-adventure, animation, kids","TV Show tv-y7 action-adventure, animation, kids christopher daniel barnes  edward asner  linda gray united states"
TV Show,adventures in wonderland,patrick richwood  reece holland  john robert hoffman,unknown,tv-g,"fantasy, musical","TV Show tv-g fantasy, musical patrick richwood  reece holland  john robert hoffman unknown"
TV Show,ducktales,david tennant  danny pudi  ben schwartz,united states,tv-y7,"action-adventure, animation, comedy","TV Show tv-y7 action-adventure, animation, comedy david tennant  danny pudi  ben schwartz united states"
TV Show,liv and maddie,dove cameron  joey bragg  tenzing norgay trainor,united states,tv-g,"comedy, coming of age, kids","TV Show tv-g comedy, coming of age, kids dove cameron  joey bragg  tenzing norgay trainor united states"
TV Show,secrets of the whales,sigourney weaver  james cameron  brian skerry,unknown,tv-pg,"animals & nature, docuseries","TV Show tv-pg animals & nature, docuseries sigourney weaver  james cameron  brian skerry unknown"
TV Show,big shot,john stamos  jessalyn gilsig  yvette nicole brown,unknown,tv-pg,"comedy, drama, sports","TV Show tv-pg comedy, drama, sports john stamos  jessalyn gilsig  yvette nicole brown unknown"
TV Show,earth moods,unknown,unknown,tv-g,"animals & nature, anthology","TV Show tv-g animals & nature, anthology unknown unknown"
TV Show,primal survivor,hazen audel,united states,tv-pg,"docuseries, reality, survival","TV Show tv-pg docuseries, reality, survival hazen audel united states"
TV Show,future-worm!,andy milonakis  james adomian  corey burton,united states,tv-y7,"family, kids","TV Show tv-y7 family, kids andy milonakis  james adomian  corey burton united states"
TV Show,kick buttowski: suburban daredevil,charlie schlatter  matt jones  danny cooksey,united states,tv-y7,"action-adventure, animation","TV Show tv-y7 action-adventure, animation charlie schlatter  matt jones  danny cooksey united states"
TV Show,higglytown heroes,frankie ryan manriquez  taylor masamitsu  liliana mumy,"united states, south korea",tv-y,"animation, kids, musical","TV Show tv-y animation, kids, musical frankie ryan manriquez  taylor masamitsu  liliana mumy united states, south korea"
TV Show,made in a day,craig whitney,united states,tv-pg,reality,TV Show tv-pg reality craig whitney united states
TV Show,secrets of the zoo,mocean melvin,unknown,tv-pg,"animals & nature, docuseries, family","TV Show tv-pg animals & nature, docuseries, family mocean melvin unknown"
TV Show,star wars vintage: clone wars 2d micro-series,mat lucas  james arnold taylor  tom kane,unknown,tv-y7-fv,series,TV Show tv-y7-fv series mat lucas  james arnold taylor  tom kane unknown
TV Show,star wars: ewoks,jim henshaw  cree summer francks  jackie burroughs,unknown,tv-y7-fv,"action-adventure, animation, fantasy","TV Show tv-y7-fv action-adventure, animation, fantasy jim henshaw  cree summer francks  jackie burroughs unknown"
TV Show,walk the prank,cody veith  bryce gheisar  brandon severs,united states,tv-y7,"comedy, reality","TV Show tv-y7 comedy, reality cody veith  bryce gheisar  brandon severs united states"
TV Show,pickle and peanut,johnny pemberton  jon heder  dana snyder,united states,tv-y7,comedy,TV Show tv-y7 comedy johnny pemberton  jon heder  dana snyder united states
TV Show,the mighty ducks: game changers,unknown,unknown,tv-pg,"comedy, drama, sports","TV Show tv-pg comedy, drama, sports unknown unknown"
TV Show,disney big hero 6 the series,scott adsit  ryan potter  brooks wheelan,united states,tv-g,"action-adventure, animation, kids","TV Show tv-g action-adventure, animation, kids scott adsit  ryan potter  brooks wheelan united states"
TV Show,mexico untamed,juan monsalvez,unknown,tv-pg,"animals & nature, docuseries","TV Show tv-pg animals & nature, docuseries juan monsalvez unknown"
TV Show,the falcon and the winter soldier,anthony mackie  sebastian stan  daniel brühl,unknown,tv-14,"action-adventure, buddy, science fiction","TV Show tv-14 action-adventure, buddy, science fiction anthony mackie  sebastian stan  daniel brühl unknown"
TV Show,marvel studios assembled,unknown,unknown,unknown,"anthology, docuseries","TV Show unknown anthology, docuseries unknown unknown"
TV Show,american dragon: jake long,dante basco  jeff bennett  amy bruckner,united states,tv-y7,"action-adventure, animation, comedy","TV Show tv-y7 action-adventure, animation, comedy dante basco  jeff bennett  amy bruckner united states"
TV Show,car sos,unknown,united kingdom,tv-pg,"buddy, comedy, docuseries","TV Show tv-pg buddy, comedy, docuseries unknown united kingdom"
TV Show,disney channel games 2008,unknown,unknown,tv-g,"game show / competition, sports, variety","TV Show tv-g game show / competition, sports, variety unknown unknown"
TV Show,disney roll it back (shorts),ramon reed  kaylin hayman  suzi barrett,unknown,tv-y7,"comedy, docuseries, family","TV Show tv-y7 comedy, docuseries, family ramon reed  kaylin hayman  suzi barrett unknown"
TV Show,dog with a blog,g hannelius  blake michael  francesca capaldi,united states,tv-g,"comedy, fantasy","TV Show tv-g comedy, fantasy g hannelius  blake michael  francesca capaldi united states"
TV Show,mickey go local,azran bin ahmad  rozita binti mohamed hussain  shamsir bin mohd shahar,unknown,tv-g,"animation, comedy, kids","TV Show tv-g animation, comedy, kids azran bin ahmad  rozita binti mohamed hussain  shamsir bin mohd shahar unknown"
TV Show,pair of kings,mitchel musso  doc shaw  kelsey chow,united states,tv-y7,"action-adventure, comedy, coming of age","TV Show tv-y7 action-adventure, comedy, coming of age mitchel musso  doc shaw  kelsey chow united states"
TV Show,secrets of sulphur springs,preston oliver  kyliegh curran  elle graham,united states,tv-pg,"family, fantasy, mystery","TV Show tv-pg family, fantasy, mystery preston oliver  kyliegh curran  elle graham united states"
TV Show,the muppet show,jim henson  frank oz  dave goelz,"united states, united kingdom",tv-pg,"comedy, family, variety","TV Show tv-pg comedy, family, variety jim henson  frank oz  dave goelz united states, united kingdom"
TV Show,marvel battleworld: mystery of the thanostones,giles panton  rebecca shoichet  jesse inocalla,united states,tv-y7-fv,"action-adventure, animation, fantasy","TV Show tv-y7-fv action-adventure, animation, fantasy giles panton  rebecca shoichet  jesse inocalla united states"
TV Show,wicked tuna: outer banks,bill ratner,unknown,tv-14,"animals & nature, docuseries, family","TV Show tv-14 animals & nature, docuseries, family bill ratner unknown"
TV Show,dinosaurs,unknown,united states,tv-pg,"comedy, family","TV Show tv-pg comedy, family unknown united states"
TV Show,pixar popcorn,ellen degeneres  craig t. nelson  holly hunter,united states,tv-pg,"animation, anthology, family","TV Show tv-pg animation, anthology, family ellen degeneres  craig t. nelson  holly hunter united states"
TV Show,elena of avalor,aimee carrero  jenna ortega  keith ferguson,united states,tv-y7,"action-adventure, animation, fantasy","TV Show tv-y7 action-adventure, animation, fantasy aimee carrero  jenna ortega  keith ferguson united states"
TV Show,wandavision,elizabeth olsen  paul bettany  teyonah parris,united states,tv-14,"drama, fantasy, mystery","TV Show tv-14 drama, fantasy, mystery elizabeth olsen  paul bettany  teyonah parris united states"
TV Show,disney fam jam,phil wright  ariel martin  trevor tordjman,united states,tv-g,"family, game show / competition, reality","TV Show tv-g family, game show / competition, reality phil wright  ariel martin  trevor tordjman united states"
TV Show,marvel studios legends,unknown,united states,tv-14,"action-adventure, docuseries, fantasy","TV Show tv-14 action-adventure, docuseries, fantasy unknown united states"
TV Show,cosmos: possible worlds,neil degrasse tyson,united states,tv-14,"action-adventure, docuseries, family","TV Show tv-14 action-adventure, docuseries, family neil degrasse tyson united states"
TV Show,disney gallery / star wars: the mandalorian,jon favreau  dave filoni  pedro pascal,united states,tv-pg,"action-adventure, docuseries, family","TV Show tv-pg action-adventure, docuseries, family jon favreau  dave filoni  pedro pascal united states"
TV Show,disney parks sunrise series,unknown,unknown,tv-g,"animals & nature, docuseries, family","TV Show tv-g animals & nature, docuseries, family unknown unknown"
TV Show,on pointe,unknown,united states,tv-pg,"docuseries, family","TV Show tv-pg docuseries, family unknown united states"
TV Show,wild nordic,dan nachtrab,unknown,tv-pg,"animals & nature, docuseries, reality","TV Show tv-pg animals & nature, docuseries, reality dan nachtrab unknown"
TV Show,once upon a time in wonderland,sophie lowe  michael socha  peter gadiot,"canada, united states",tv-pg,"action-adventure, fantasy, soap opera / melodrama","TV Show tv-pg action-adventure, fantasy, soap opera / melodrama sophie lowe  michael socha  peter gadiot canada, united states"
TV Show,party animals,unknown,unknown,tv-g,"animals & nature, kids, music","TV Show tv-g animals & nature, kids, music unknown unknown"
TV Show,port protection alaska,gary muehlberger  mary miller  curly leach,united states,tv-14,"docuseries, reality, survival","TV Show tv-14 docuseries, reality, survival gary muehlberger  mary miller  curly leach united states"
TV Show,bia,isabela souza  giulia guerrini  julio peña,argentina,tv-g,"coming of age, drama, music","TV Show tv-g coming of age, drama, music isabela souza  giulia guerrini  julio peña argentina"
TV Show,marvel's 616,unknown,united states,tv-14,"anthology, docuseries","TV Show tv-14 anthology, docuseries unknown united states"
TV Show,the wonderful world of mickey mouse,chris diamantopoulos  kaitlyn robrock  bill farmer,united states,tv-g,"action-adventure, animation, anthology","TV Show tv-g action-adventure, animation, anthology chris diamantopoulos  kaitlyn robrock  bill farmer united states"
TV Show,inside pixar,unknown,united states,tv-pg,"docuseries, family","TV Show tv-pg docuseries, family unknown united states"
TV Show,fancy nancy (shorts),mia sinclair jenness  dana heath  spencer moss,unknown,tv-y,"animation, kids","TV Show tv-y animation, kids mia sinclair jenness  dana heath  spencer moss unknown"
TV Show,goldie & bear,georgie kidder  justine huxley  natalie lander,united states,tv-y,"action-adventure, animation, buddy","TV Show tv-y action-adventure, animation, buddy georgie kidder  justine huxley  natalie lander united states"
TV Show,the mandalorian,pedro pascal  carl weathers  gina carano,united states,tv-14,"action-adventure, family, science fiction","TV Show tv-14 action-adventure, family, science fiction pedro pascal  carl weathers  gina carano united states"
TV Show,x-ray earth,unknown,united states,tv-pg,"animals & nature, docuseries, reality","TV Show tv-pg animals & nature, docuseries, reality unknown united states"
TV Show,gathering storm,tucker mcdougall,united states,tv-pg,"animals & nature, docuseries","TV Show tv-pg animals & nature, docuseries tucker mcdougall united states"
TV Show,india from above,dev patel,unknown,tv-pg,"docuseries, reality","TV Show tv-pg docuseries, reality dev patel unknown"
TV Show,marvel super hero adventures,unknown,united states,tv-y,"action-adventure, animation, kids","TV Show tv-y action-adventure, animation, kids unknown united states"
TV Show,drain the oceans,russell boulter,"united kingdom, australia",tv-pg,"docuseries, historical","TV Show tv-pg docuseries, historical russell boulter united kingdom, australia"
TV Show,meet the chimps,jane lynch,united states,tv-pg,"animals & nature, docuseries, family","TV Show tv-pg animals & nature, docuseries, family jane lynch united states"
TV Show,the rocketeer,kitana turnbull  billy campbell  kathy najimy,united states,tv-y,"action-adventure, animation, kids","TV Show tv-y action-adventure, animation, kids kitana turnbull  billy campbell  kathy najimy united states"
TV Show,the right stuff,jake mcdorman  patrick adams  colin o’donoghue,united states,tv-14,"drama, historical","TV Show tv-14 drama, historical jake mcdorman  patrick adams  colin o’donoghue united states"
TV Show,secrets of the zoo: down under,naomi watts,unknown,tv-14,"animals & nature, docuseries, family","TV Show tv-14 animals & nature, docuseries, family naomi watts unknown"
TV Show,the simpsons,dan castellaneta  julie kavner  nancy cartwright,united states,tv-pg,"animation, comedy","TV Show tv-pg animation, comedy dan castellaneta  julie kavner  nancy cartwright united states"
TV Show,magic of disney's animal kingdom,josh gad,united kingdom,tv-pg,"animals & nature, docuseries, family","TV Show tv-pg animals & nature, docuseries, family josh gad united kingdom"
TV Show,wild central america,nigel marven,unknown,tv-pg,"action-adventure, animals & nature, docuseries","TV Show tv-pg action-adventure, animals & nature, docuseries nigel marven unknown"
TV Show,ancient china from above,dr. allan maca,united states,tv-14,"docuseries, historical","TV Show tv-14 docuseries, historical dr. allan maca united states"
TV Show,becoming,unknown,united states,tv-pg,"anthology, docuseries, family","TV Show tv-pg anthology, docuseries, family unknown united states"
TV Show,coop & cami ask the world,ruby turner  dakota lotus  olivia sanabia,united states,tv-g,"comedy, family, kids","TV Show tv-g comedy, family, kids ruby turner  dakota lotus  olivia sanabia united states"
TV Show,europe from above,julian barratt,united kingdom,tv-g,"docuseries, reality","TV Show tv-g docuseries, reality julian barratt united kingdom"
TV Show,kingdom of the mummies,kerry shale,united states,tv-14,"docuseries, historical, reality","TV Show tv-14 docuseries, historical, reality kerry shale united states"
TV Show,once upon a time,ginnifer goodwin  jennifer morrison  robert carlyle,united states,tv-pg,"action-adventure, fantasy, soap opera / melodrama","TV Show tv-pg action-adventure, fantasy, soap opera / melodrama ginnifer goodwin  jennifer morrison  robert carlyle united states"
TV Show,soy luna,karol sevilla  ruggero pasquarelli  valentina zenere,"argentina, mexico",tv-g,"comedy, coming of age, drama","TV Show tv-g comedy, coming of age, drama karol sevilla  ruggero pasquarelli  valentina zenere argentina, mexico"
TV Show,violetta,diego ramos  martina stoessel  pablo espinosa,argentina,tv-g,"coming of age, drama, music","TV Show tv-g coming of age, drama, music diego ramos  martina stoessel  pablo espinosa argentina"
TV Show,earth to ned,unknown,united states,tv-pg,"comedy, parody, science fiction","TV Show tv-pg comedy, parody, science fiction unknown united states"
TV Show,"weirdest, bestest, truest",charlie engelman  kirby engelman,unknown,tv-g,"animals & nature, kids, variety","TV Show tv-g animals & nature, kids, variety charlie engelman  kirby engelman unknown"
TV Show,disney junior t.o.t.s.: calling all t.o.t.s. (shorts),jet jurgensmeyer  christian simon  megan hilty,unknown,tv-y,"animation, kids, music","TV Show tv-y animation, kids, music jet jurgensmeyer  christian simon  megan hilty unknown"
TV Show,jungle animal rescue,dan nachtrab,united states,tv-pg,"animals & nature, docuseries, family","TV Show tv-pg animals & nature, docuseries, family dan nachtrab united states"
TV Show,nature boom time,charlie engelman  kirby engelman  patrick rahill,united states,tv-g,"animals & nature, docuseries, kids","TV Show tv-g animals & nature, docuseries, kids charlie engelman  kirby engelman  patrick rahill united states"
TV Show,sam's zookeeper challenge,sam peltz,united states,tv-g,"animals & nature, docuseries, family","TV Show tv-g animals & nature, docuseries, family sam peltz united states"
TV Show,scuba sam's world,sam peltz,united states,tv-g,"animals & nature, docuseries, kids","TV Show tv-g animals & nature, docuseries, kids sam peltz united states"
TV Show,spaced out,ben detour,unknown,tv-g,"docuseries, kids","TV Show tv-g docuseries, kids ben detour unknown"
TV Show,weird but true!,charlie engelman  kirby engelman,united states,tv-g,"animals & nature, kids, variety","TV Show tv-g animals & nature, kids, variety charlie engelman  kirby engelman united states"
TV Show,wild cats of india,james murray,united states,tv-pg,"animals & nature, docuseries, family","TV Show tv-pg animals & nature, docuseries, family james murray united states"
TV Show,ufo europe: the untold stories,robert ashby,unknown,tv-pg,"docuseries, reality","TV Show tv-pg docuseries, reality robert ashby unknown"
TV Show,animal showdown,brian peck,unknown,tv-g,"animals & nature, docuseries, family","TV Show tv-g animals & nature, docuseries, family brian peck unknown"
TV Show,best job ever,unknown,unknown,tv-g,"animals & nature, docuseries, family","TV Show tv-g animals & nature, docuseries, family unknown unknown"
TV Show,destination world,rick robles,unknown,tv-g,"animals & nature, docuseries, kids","TV Show tv-g animals & nature, docuseries, kids rick robles unknown"
TV Show,fearless adventures with jack randall,jack randall,unknown,tv-pg,"animals & nature, docuseries, family","TV Show tv-pg animals & nature, docuseries, family jack randall unknown"
TV Show,king fishers,stephen mangan,united kingdom,tv-pg,"action-adventure, animals & nature, docuseries","TV Show tv-pg action-adventure, animals & nature, docuseries stephen mangan united kingdom"
TV Show,marvel funko shorts,unknown,unknown,tv-y7,"action-adventure, animation, anthology","TV Show tv-y7 action-adventure, animation, anthology unknown unknown"
TV Show,muppets now,dave goelz  matt vogel  david rudman,united states,tv-pg,"comedy, family, lifestyle","TV Show tv-pg comedy, family, lifestyle dave goelz  matt vogel  david rudman united states"
TV Show,what sam sees,sam peltz,unknown,tv-g,"animals & nature, docuseries, family","TV Show tv-g animals & nature, docuseries, family sam peltz unknown"
TV Show,pj masks (shorts),unknown,unknown,tv-y,"action-adventure, animation, kids","TV Show tv-y action-adventure, animation, kids unknown unknown"
TV Show,rogue trip,bob woodruff  mack woodruff,unknown,tv-pg,"buddy, docuseries","TV Show tv-pg buddy, docuseries bob woodruff  mack woodruff unknown"
TV Show,wild congo,corey johnson,unknown,tv-pg,"animals & nature, docuseries, family","TV Show tv-pg animals & nature, docuseries, family corey johnson unknown"
TV Show,wild sri lanka,paul mcgann,united kingdom,tv-pg,"animals & nature, docuseries","TV Show tv-pg animals & nature, docuseries paul mcgann united kingdom"
TV Show,disney junior music lullabies,unknown,unknown,tv-y,"animation, kids, music","TV Show tv-y animation, kids, music unknown unknown"
TV Show,super robot monkey team hyperforce go!,greg cipes  kevin michael	richardson  tom kenny,"united states, japan",tv-y7,"action-adventure, animation, anime","TV Show tv-y7 action-adventure, animation, anime greg cipes  kevin michael	richardson  tom kenny united states, japan"
TV Show,wild chile,peter venn,united kingdom,tv-pg,"animals & nature, docuseries, family","TV Show tv-pg animals & nature, docuseries, family peter venn united kingdom"
TV Show,cosmos: a spacetime odyssey,neil tyson  stoney emshwiller,united states,tv-pg,"action-adventure, docuseries, family","TV Show tv-pg action-adventure, docuseries, family neil tyson  stoney emshwiller united states"
TV Show,animal er,dr. brian beale,united states,tv-pg,"animals & nature, docuseries, family","TV Show tv-pg animals & nature, docuseries, family dr. brian beale united states"
TV Show,disney a.n.t. farm,china mcclain  sierra mccormick  jake short,united states,tv-g,"comedy, coming of age, music","TV Show tv-g comedy, coming of age, music china mcclain  sierra mccormick  jake short united states"
TV Show,into the unknown: making frozen 2,kristen bell  idina menzel  josh gad,united states,tv-pg,"docuseries, family","TV Show tv-pg docuseries, family kristen bell  idina menzel  josh gad united states"
TV Show,101 dalmatians (series),jeff bennett  christine cavanaugh  tara charendoff,unknown,tv-y7,"action-adventure, animation, kids","TV Show tv-y7 action-adventure, animation, kids jeff bennett  christine cavanaugh  tara charendoff unknown"
TV Show,disney junior muppet babies play date,unknown,unknown,tv-y,"comedy, kids","TV Show tv-y comedy, kids unknown unknown"
TV Show,mighty med,bradley perry  jake short  paris berelc,united states,tv-y7,"comedy, coming of age, medical","TV Show tv-y7 comedy, coming of age, medical bradley perry  jake short  paris berelc united states"
TV Show,alaska's grizzly gauntlet,les stroud,united states,tv-pg,"animals & nature, docuseries, family","TV Show tv-pg animals & nature, docuseries, family les stroud united states"
TV Show,howie mandel's animals doing things,howie mandel,united states,tv-pg,"animals & nature, comedy, family","TV Show tv-pg animals & nature, comedy, family howie mandel united states"
TV Show,japan: between earth and sky,bray poor,"france, japan",tv-pg,"animals & nature, docuseries","TV Show tv-pg animals & nature, docuseries bray poor france, japan"
TV Show,secrets of wild india,david attenborough,united kingdom,tv-pg,"animals & nature, docuseries, family","TV Show tv-pg animals & nature, docuseries, family david attenborough united kingdom"
TV Show,the greeks,toby moore,united states,tv-pg,"docuseries, historical","TV Show tv-pg docuseries, historical toby moore united states"
TV Show,wild hawaii,jk simmons,united states,tv-pg,"animals & nature, docuseries, family","TV Show tv-pg animals & nature, docuseries, family jk simmons united states"
TV Show,the evermoor chronicles,naomi sequeira  finney cassidy  georgia lock,"united kingdom, united states",tv-pg,"coming of age, fantasy, mystery","TV Show tv-pg coming of age, fantasy, mystery naomi sequeira  finney cassidy  georgia lock united kingdom, united states"
TV Show,disney vampirina,isabella crovetti  lauren graham  james van der beek,"ireland, united states",tv-y7,"animation, fantasy, kids","TV Show tv-y7 animation, fantasy, kids isabella crovetti  lauren graham  james van der beek ireland, united states"
TV Show,doc mcstuffins,kiara muhammad  jaden betts  jess harnell,"united states, ireland",tv-y7,"animation, kids, medical","TV Show tv-y7 animation, kids, medical kiara muhammad  jaden betts  jess harnell united states, ireland"
TV Show,marvel's future avengers,英司 花輪  一博 中谷  康之 加瀬,unknown,tv-y7,"action-adventure, animation, anime","TV Show tv-y7 action-adventure, animation, anime 英司 花輪  一博 中谷  康之 加瀬 unknown"
TV Show,the big fib,unknown,united states,tv-pg,"family, game show / competition","TV Show tv-pg family, game show / competition unknown united states"
TV Show,it's a dog's life with bill farmer,bill farmer,united states,tv-pg,"animals & nature, docuseries, family","TV Show tv-pg animals & nature, docuseries, family bill farmer united states"
TV Show,awesome animals,unknown,unknown,tv-pg,"animals & nature, docuseries, family","TV Show tv-pg animals & nature, docuseries, family unknown unknown"
TV Show,birth of europe,mark halliley,united kingdom,tv-g,docuseries,TV Show tv-g docuseries mark halliley united kingdom
TV Show,buried secrets of the bible with albert lin,albert lin,unknown,tv-pg,"action-adventure, docuseries, historical","TV Show tv-pg action-adventure, docuseries, historical albert lin unknown"
TV Show,disney prop culture,daniel lanigan,united states,tv-pg,docuseries,TV Show tv-pg docuseries daniel lanigan united states
TV Show,lost treasures of egypt,rick robles,united kingdom,tv-pg,"docuseries, historical","TV Show tv-pg docuseries, historical rick robles united kingdom"
TV Show,love & vets,mallory kasdan,united states,tv-pg,"animals & nature, docuseries, family","TV Show tv-pg animals & nature, docuseries, family mallory kasdan united states"
TV Show,prairie dog manor,kevin conway,united states,tv-pg,"animals & nature, docuseries, reality","TV Show tv-pg animals & nature, docuseries, reality kevin conway united states"
TV Show,secrets of the zoo: tampa,dr. ray ball  dr. lauren smith  chris massaro,united states,tv-pg,"animals & nature, docuseries, family","TV Show tv-pg animals & nature, docuseries, family dr. ray ball  dr. lauren smith  chris massaro united states"
TV Show,united states of animals,quincy dunn-baker,united states,tv-pg,"animals & nature, docuseries, family","TV Show tv-pg animals & nature, docuseries, family quincy dunn-baker united states"
TV Show,unlikely animal friends,mark keller,united states,tv-g,"animals & nature, docuseries, family","TV Show tv-g animals & nature, docuseries, family mark keller united states"
TV Show,america's funniest home videos,tom bergeron,united states,tv-pg,"comedy, family, fantasy","TV Show tv-pg comedy, family, fantasy tom bergeron united states"
TV Show,tangled: the series,zachary levi  mandy moore  eden espinosa,united states,tv-y7,"action-adventure, animation, comedy","TV Show tv-y7 action-adventure, animation, comedy zachary levi  mandy moore  eden espinosa united states"
TV Show,brain games,neil harris,united states,tv-g,"docuseries, family, game show / competition","TV Show tv-g docuseries, family, game show / competition neil harris united states"
TV Show,disney mickey and the roadster racers - chip 'n' dale's nutty tales (shorts),tress macneille  corey burton  bret iwan,unknown,tv-y,"action-adventure, animation, buddy","TV Show tv-y action-adventure, animation, buddy tress macneille  corey burton  bret iwan unknown"
TV Show,tron uprising,elijah wood  bruce boxleitner  emmanuelle chriqui,united states,tv-y7,"action-adventure, animation, kids","TV Show tv-y7 action-adventure, animation, kids elijah wood  bruce boxleitner  emmanuelle chriqui united states"
TV Show,disney playtime with puppy dog pals (shorts),unknown,unknown,tv-y,"animation, kids","TV Show tv-y animation, kids unknown unknown"
TV Show,paradise islands,michael izqueirdo,unknown,tv-pg,"animals & nature, docuseries, family","TV Show tv-pg animals & nature, docuseries, family michael izqueirdo unknown"
TV Show,tut's treasures: hidden secrets,mark bazeley,united kingdom,tv-pg,"docuseries, historical","TV Show tv-pg docuseries, historical mark bazeley united kingdom"
TV Show,fish hooks,chelsea kane  kyle massey  justin roiland,united states,tv-g,"animation, comedy, coming of age","TV Show tv-g animation, comedy, coming of age chelsea kane  kyle massey  justin roiland united states"
TV Show,sonny with a chance,demi lovato  tiffany thornton  sterling knight,united states,tv-g,"comedy, coming of age, romance","TV Show tv-g comedy, coming of age, romance demi lovato  tiffany thornton  sterling knight united states"
TV Show,be our chef,angela kinsey,unknown,tv-g,"family, game show / competition","TV Show tv-g family, game show / competition angela kinsey unknown"
TV Show,disney i didn't do it,olivia holt  austin north  piper curda,united states,tv-g,"comedy, family","TV Show tv-g comedy, family olivia holt  austin north  piper curda united states"
TV Show,disney insider,unknown,united states,tv-pg,"anthology, docuseries","TV Show tv-pg anthology, docuseries unknown united states"
TV Show,disney vampirina ghoul girls rock! (shorts),isabella crovetti  jordan davis  viviann yee,unknown,tv-y7,"animation, fantasy, kids","TV Show tv-y7 animation, fantasy, kids isabella crovetti  jordan davis  viviann yee unknown"
TV Show,101 dalmatian street,josh brener  michaela dietz  ella kenion,"united kingdom, united states, canada",tv-y7,"action-adventure, animation, comedy","TV Show tv-y7 action-adventure, animation, comedy josh brener  michaela dietz  ella kenion united kingdom, united states, canada"
TV Show,shop class,unknown,unknown,tv-g,"family, game show / competition","TV Show tv-g family, game show / competition unknown unknown"
TV Show,star wars resistance,christopher sean  josh brener  scott lawrence,united states,tv-y7,"action-adventure, animation, kids","TV Show tv-y7 action-adventure, animation, kids christopher sean  josh brener  scott lawrence united states"
TV Show,lost cities with albert lin,dr. albert len,united states,tv-pg,"action-adventure, docuseries, historical","TV Show tv-pg action-adventure, docuseries, historical dr. albert len united states"
TV Show,star wars: the clone wars,tom kane  matt lanter  ashley eckstein,united states,tv-pg,"action-adventure, animation, science fiction","TV Show tv-pg action-adventure, animation, science fiction tom kane  matt lanter  ashley eckstein united states"
TV Show,fairy tale weddings,stephen boss  allison holker,united states,tv-pg,"docuseries, family, lifestyle","TV Show tv-pg docuseries, family, lifestyle stephen boss  allison holker united states"
TV Show,that's so raven,raven   orlando brown  kyle massey,united states,tv-g,"comedy, coming of age, fantasy","TV Show tv-g comedy, coming of age, fantasy raven   orlando brown  kyle massey united states"
TV Show,diary of a future president,tess romero  selenis leyva  charlie bushnell,united states,tv-pg,"comedy, coming of age, family","TV Show tv-pg comedy, coming of age, family tess romero  selenis leyva  charlie bushnell united states"
TV Show,high school musical: the musical: the series: the sing-along,olivia rodrigo  joshua bassett  matt cornett,unknown,tv-pg,"comedy, coming of age, drama","TV Show tv-pg comedy, coming of age, drama olivia rodrigo  joshua bassett  matt cornett unknown"
TV Show,america's national parks,c.t. taylor,united states,tv-14,"animals & nature, docuseries","TV Show tv-14 animals & nature, docuseries c.t. taylor united states"
TV Show,continent 7: antarctica,chris browning,united states,tv-pg,"action-adventure, animals & nature, docuseries","TV Show tv-pg action-adventure, animals & nature, docuseries chris browning united states"
TV Show,disney randy cunningham: 9th grade ninja,ben schwartz  andrew caldwell  tim curry,"united kingdom, united states, ireland",tv-y7,"action-adventure, animation, comedy","TV Show tv-y7 action-adventure, animation, comedy ben schwartz  andrew caldwell  tim curry united kingdom, united states, ireland"
TV Show,muppet babies show and tell (shorts),matt danner  melanie harrison  ben diskin,unknown,tv-y7,"animation, kids","TV Show tv-y7 animation, kids matt danner  melanie harrison  ben diskin unknown"
TV Show,the lodge,sophie simnett  luke newton  thomas doherty,united kingdom,tv-g,"coming of age, drama, musical","TV Show tv-g coming of age, drama, musical sophie simnett  luke newton  thomas doherty united kingdom"
TV Show,wild russia,liam teeling,unknown,tv-pg,"animals & nature, docuseries","TV Show tv-pg animals & nature, docuseries liam teeling unknown"
TV Show,marvel's runaways,rhenzy feliz  lyrica okano  virginia gardner,united states,tv-14,"coming of age, drama, science fiction","TV Show tv-14 coming of age, drama, science fiction rhenzy feliz  lyrica okano  virginia gardner united states"
TV Show,austin & ally,ross lynch  laura marano  raini rodriguez,united states,tv-g,"comedy, coming of age, kids","TV Show tv-g comedy, coming of age, kids ross lynch  laura marano  raini rodriguez united states"
TV Show,billy dilley's super-duper subterranean summer,aaron springer  catherine wayne  tom kenny,united states,tv-y7,"animation, comedy, fantasy","TV Show tv-y7 animation, comedy, fantasy aaron springer  catherine wayne  tom kenny united states"
TV Show,first class chefs: family style,gia ré  matt tebbutt,unknown,tv-y7,"family, game show / competition","TV Show tv-y7 family, game show / competition gia ré  matt tebbutt unknown"
TV Show,one strange rock,will smith,united states,tv-pg,"animals & nature, docuseries, family","TV Show tv-pg animals & nature, docuseries, family will smith united states"
TV Show,out there with jack randall,jack randall,unknown,tv-14,"action-adventure, animals & nature, docuseries","TV Show tv-14 action-adventure, animals & nature, docuseries jack randall unknown"
TV Show,the proud family,tommy davidson  paula parker  jo payton,united states,tv-g,"animation, comedy, coming of age","TV Show tv-g animation, comedy, coming of age tommy davidson  paula parker  jo payton united states"
TV Show,the super hero squad,grey delisle  steve blum  mikey kelly,united states,tv-y7,"action-adventure, animation, comedy","TV Show tv-y7 action-adventure, animation, comedy grey delisle  steve blum  mikey kelly united states"
TV Show,year million,laurence fishburne,united states,tv-pg,"docuseries, science fiction","TV Show tv-pg docuseries, science fiction laurence fishburne united states"
TV Show,pick of the litter,unknown,united states,tv-pg,"animals & nature, docuseries, family","TV Show tv-pg animals & nature, docuseries, family unknown united states"
TV Show,one day at disney (shorts),unknown,unknown,tv-pg,"anthology, docuseries, family","TV Show tv-pg anthology, docuseries, family unknown unknown"
TV Show,disney the lion guard,max charles  diamond white  dusan brown,united states,tv-y,"action-adventure, animation, comedy","TV Show tv-y action-adventure, animation, comedy max charles  diamond white  dusan brown united states"
TV Show,disney star vs. the forces of evil,eden sher  adam mcarthur,united states,tv-y7,"action-adventure, animation, comedy","TV Show tv-y7 action-adventure, animation, comedy eden sher  adam mcarthur united states"
TV Show,henry hugglemonster,lara miller  tom kenny  chiara zanni,"ireland, united kingdom, united states, south korea, canada",tv-y,"animation, fantasy, kids","TV Show tv-y animation, fantasy, kids lara miller  tom kenny  chiara zanni ireland, united kingdom, united states, south korea, canada"
TV Show,miles from tomorrowland,olivia munn  cullen mccarthy  fiona bishop,unknown,tv-y,"action-adventure, animation, kids","TV Show tv-y action-adventure, animation, kids olivia munn  cullen mccarthy  fiona bishop unknown"
TV Show,sheriff callie's wild west,mandy moore  lucas grabeel,"united states, south korea, france",tv-y,"animation, kids, western","TV Show tv-y animation, kids, western mandy moore  lucas grabeel united states, south korea, france"
TV Show,supercar megabuild,dom joly,united states,tv-pg,"buddy, docuseries, lifestyle","TV Show tv-pg buddy, docuseries, lifestyle dom joly united states"
TV Show,mickey mouse roadster racers,bret iwan  russi taylor  bill farmer,unknown,tv-y,"animation, kids, sports","TV Show tv-y animation, kids, sports bret iwan  russi taylor  bill farmer unknown"
TV Show,andi mack,peyton lee  joshua rush  sofia wylie,united states,tv-g,"comedy, coming of age, drama","TV Show tv-g comedy, coming of age, drama peyton lee  joshua rush  sofia wylie united states"
TV Show,best friends whenever,lauren taylor  shelby bender  gus kamp,united states,tv-g,"buddy, comedy, coming of age","TV Show tv-g buddy, comedy, coming of age lauren taylor  shelby bender  gus kamp united states"
TV Show,big city greens (shorts),unknown,unknown,tv-y7,"action-adventure, animation, comedy","TV Show tv-y7 action-adventure, animation, comedy unknown unknown"
TV Show,big hero 6 the series (shorts),unknown,unknown,tv-y7,"action-adventure, animation, comedy","TV Show tv-y7 action-adventure, animation, comedy unknown unknown"
TV Show,bonkers,charlie adler  corey burton  jesse corti,"united states, hong kong, south korea, france, canada, china, united kingdom, australia, japan, taiwan, philippines",tv-g,"animation, comedy, kids","TV Show tv-g animation, comedy, kids charlie adler  corey burton  jesse corti united states, hong kong, south korea, france, canada, china, united kingdom, australia, japan, taiwan, philippines"
TV Show,boy meets world,ben savage  william daniels  betsy randle,united states,tv-pg,"comedy, coming of age, family","TV Show tv-pg comedy, coming of age, family ben savage  william daniels  betsy randle united states"
TV Show,bug juice: my adventures at camp,unknown,united states,tv-g,"coming of age, docuseries, family","TV Show tv-g coming of age, docuseries, family unknown united states"
TV Show,chip 'n dale's rescue rangers,corey burton  peter cullen  jim cummings,"united states, taiwan, south korea, china, japan, united kingdom",tv-g,"action-adventure, animation, comedy","TV Show tv-g action-adventure, animation, comedy corey burton  peter cullen  jim cummings united states, taiwan, south korea, china, japan, united kingdom"
TV Show,coop & cami ask the world (shorts),unknown,unknown,tv-g,"comedy, family, game show / competition","TV Show tv-g comedy, family, game show / competition unknown unknown"
TV Show,crash & bernstein,cole jensen  tim lagasse  landry bender,united states,tv-y7,"comedy, fantasy, kids","TV Show tv-y7 comedy, fantasy, kids cole jensen  tim lagasse  landry bender united states"
TV Show,darkwing duck,jim cummings  christine cavanaugh  terry mcgovern,united states,tv-y7,"action-adventure, animation, kids","TV Show tv-y7 action-adventure, animation, kids jim cummings  christine cavanaugh  terry mcgovern united states"
TV Show,disney bizaardvark,madison hu  olivia rodrigo  jake paul,united states,tv-pg,"buddy, comedy, family","TV Show tv-pg buddy, comedy, family madison hu  olivia rodrigo  jake paul united states"
TV Show,disney descendants wicked world (shorts),unknown,united states,tv-g,"animation, coming of age, fantasy","TV Show tv-g animation, coming of age, fantasy unknown united states"
TV Show,disney ducktales (shorts),unknown,unknown,tv-y7,"action-adventure, animation, comedy","TV Show tv-y7 action-adventure, animation, comedy unknown unknown"
TV Show,disney evermoor,naomi sequeira  jordan loughran  belinda stewart-wilson,unknown,tv-pg,series,TV Show tv-pg series naomi sequeira  jordan loughran  belinda stewart-wilson unknown
TV Show,disney family sundays,unknown,united states,tv-g,"anthology, family, lifestyle","TV Show tv-g anthology, family, lifestyle unknown united states"
TV Show,disney fast layne,sophie pollono  sofia rosinsky  brandon rossel,united states,tv-g,"action-adventure, animation, comedy","TV Show tv-g action-adventure, animation, comedy sophie pollono  sofia rosinsky  brandon rossel united states"
TV Show,disney gravity falls,kristen schaal  jason morgan  alex hirsch,united states,tv-y7,"action-adventure, animation, comedy","TV Show tv-y7 action-adventure, animation, comedy kristen schaal  jason morgan  alex hirsch united states"
TV Show,disney gravity falls (shorts),unknown,unknown,tv-g,"animation, anthology, comedy","TV Show tv-g animation, anthology, comedy unknown unknown"
TV Show,disney jake and the never land pirates,madison pettis  colin ford  jonathan heit,united states,tv-y,"action-adventure, animation, fantasy","TV Show tv-y action-adventure, animation, fantasy madison pettis  colin ford  jonathan heit united states"
TV Show,disney jonas,kevin jonas  joe jonas  nick jonas,united states,tv-g,"comedy, family, kids","TV Show tv-g comedy, family, kids kevin jonas  joe jonas  nick jonas united states"
TV Show,disney junior music nursery rhymes,unknown,unknown,tv-y,"animation, kids, musical","TV Show tv-y animation, kids, musical unknown unknown"
TV Show,disney k.c. undercover,zendaya   veronica dunne  kamil mcfadden,united states,tv-y7,"action-adventure, comedy, kids","TV Show tv-y7 action-adventure, comedy, kids zendaya   veronica dunne  kamil mcfadden united states"
TV Show,disney lab rats: elite force,william brent  bradley perry  jake short,united states,tv-y7,"action-adventure, comedy, coming of age","TV Show tv-y7 action-adventure, comedy, coming of age william brent  bradley perry  jake short united states"
TV Show,disney legend of the three caballeros,tony anselmo  jaime camil  eric bauza,united states,tv-g,"action-adventure, animation, comedy","TV Show tv-g action-adventure, animation, comedy tony anselmo  jaime camil  eric bauza united states"
TV Show,disney mickey mouse clubhouse,wayne allwine  jim cummings  russi taylor,united states,tv-y,"animation, kids","TV Show tv-y animation, kids wayne allwine  jim cummings  russi taylor united states"
TV Show,disney milo murphy's law,al yankovic  sabrina carpenter  mekai curtis,united states,tv-y7,"action-adventure, animation, comedy","TV Show tv-y7 action-adventure, animation, comedy al yankovic  sabrina carpenter  mekai curtis united states"
TV Show,disney minnie's bow-toons (shorts),unknown,united states,tv-y,"animation, kids","TV Show tv-y animation, kids unknown united states"
TV Show,disney stuck in the middle,jenna ortega  ronni hawk  isaak presley,united states,tv-pg,"comedy, coming of age, family","TV Show tv-pg comedy, coming of age, family jenna ortega  ronni hawk  isaak presley united states"
TV Show,disney take two with phineas and ferb (shorts),unknown,united states,tv-g,"animation, kids, parody","TV Show tv-g animation, kids, parody unknown united states"
TV Show,disney tangled: the series - short cuts,unknown,unknown,tv-y7,"action-adventure, animation, comedy","TV Show tv-y7 action-adventure, animation, comedy unknown unknown"
TV Show,disney's adventures of the gummi bears,bill scott  christian jacobs  brett johnson,united states,tv-y7,"action-adventure, animation, fantasy","TV Show tv-y7 action-adventure, animation, fantasy bill scott  christian jacobs  brett johnson united states"
TV Show,disney's doug,connie shulman  doug preis  alice playten,united states,tv-y7,"animation, comedy, coming of age","TV Show tv-y7 animation, comedy, coming of age connie shulman  doug preis  alice playten united states"
TV Show,disney's hercules: the animated series,tate donovan  sandra bernhard  robert costanzo,united states,tv-y7,"action-adventure, animation, comedy","TV Show tv-y7 action-adventure, animation, comedy tate donovan  sandra bernhard  robert costanzo united states"
TV Show,disney's kim possible,christy romano  will friedle  nancy cartwright,"united states, philippines, south korea",tv-g,"action-adventure, animation, comedy","TV Show tv-g action-adventure, animation, comedy christy romano  will friedle  nancy cartwright united states, philippines, south korea"
TV Show,disney's little einsteins,erica huang  aiden pompey  jesse schwartz,united states,tv-y,"action-adventure, animation, kids","TV Show tv-y action-adventure, animation, kids erica huang  aiden pompey  jesse schwartz united states"
TV Show,disney's mighty ducks,james belushi  brad garrett  jeff bennett,united states,tv-y7,"action-adventure, animation, comedy","TV Show tv-y7 action-adventure, animation, comedy james belushi  brad garrett  jeff bennett united states"
TV Show,disney's recess,rickey collins  jason davis  ashley johnson,united states,tv-y7,"animation, comedy, kids","TV Show tv-y7 animation, comedy, kids rickey collins  jason davis  ashley johnson united states"
TV Show,disney's the emperor's new school,shane baumel  jessica dicicco  wendie malick,united states,tv-g,"animation, comedy, coming of age","TV Show tv-g animation, comedy, coming of age shane baumel  jessica dicicco  wendie malick united states"
TV Show,disney's the little mermaid (series),jodi benson  samuel wright  ken mars,united states,tv-y7,"action-adventure, animation, fantasy","TV Show tv-y7 action-adventure, animation, fantasy jodi benson  samuel wright  ken mars united states"
TV Show,dog whisperer with cesar millan,cesar millan,united states,tv-g,"animals & nature, docuseries, family","TV Show tv-g animals & nature, docuseries, family cesar millan united states"
TV Show,"dr. t, lone star vet",dr. lauren thielen,united states,tv-pg,"docuseries, family, medical","TV Show tv-pg docuseries, family, medical dr. lauren thielen united states"
TV Show,elena of avalor (shorts),aimee carrero  jenna ortega  maximus riegel,unknown,tv-y,"action-adventure, animation, fantasy","TV Show tv-y action-adventure, animation, fantasy aimee carrero  jenna ortega  maximus riegel unknown"
TV Show,encore!,kristen bell  roger love  susan egan,united states,tv-14,"music, reality","TV Show tv-14 music, reality kristen bell  roger love  susan egan united states"
TV Show,even stevens,shia labeouf  christy romano  nick spano,united states,tv-pg,"comedy, coming of age, kids","TV Show tv-pg comedy, coming of age, kids shia labeouf  christy romano  nick spano united states"
TV Show,fantastic four (series),beau weaver  lori alan  chuck mccann,united states,tv-y7,"action-adventure, animation, kids","TV Show tv-y7 action-adventure, animation, kids beau weaver  lori alan  chuck mccann united states"
TV Show,fantastic four: world's greatest heroes,christopher jacot  hiro kanagawa  lara gilchrist,united states,tv-y7,"action-adventure, animation, kids","TV Show tv-y7 action-adventure, animation, kids christopher jacot  hiro kanagawa  lara gilchrist united states"
TV Show,gargoyles,thom hernandez  edward asner  jeff bennett,united states,tv-y7,"action-adventure, animation, fantasy","TV Show tv-y7 action-adventure, animation, fantasy thom hernandez  edward asner  jeff bennett united states"
TV Show,girl meets world,rowan blanchard  ben savage  sabrina carpenter,united states,tv-g,"comedy, coming of age, family","TV Show tv-g comedy, coming of age, family rowan blanchard  ben savage  sabrina carpenter united states"
TV Show,good luck charlie,bridgit mendler  leigh-allyn baker  bradley perry,united states,tv-g,"comedy, coming of age, family","TV Show tv-g comedy, coming of age, family bridgit mendler  leigh-allyn baker  bradley perry united states"
TV Show,goof troop,nancy cartwright  jim cummings  dana hill,united states,tv-y7,"animation, comedy, kids","TV Show tv-y7 animation, comedy, kids nancy cartwright  jim cummings  dana hill united states"
TV Show,great migrations,alec baldwin,united states,tv-pg,"animals & nature, docuseries, survival","TV Show tv-pg animals & nature, docuseries, survival alec baldwin united states"
TV Show,handy manny,wilmer valderrama  carlos alazraqui  dee baker,"united states, canada",tv-y,"animation, kids","TV Show tv-y animation, kids wilmer valderrama  carlos alazraqui  dee baker united states, canada"
TV Show,hannah montana,miley cyrus  emily osment  mitchel musso,united states,tv-g,"comedy, coming of age, kids","TV Show tv-g comedy, coming of age, kids miley cyrus  emily osment  mitchel musso united states"
TV Show,high school musical: the musical: the series,olivia rodrigo  joshua bassett  matt cornett,united states,tv-pg,"comedy, coming of age, drama","TV Show tv-pg comedy, coming of age, drama olivia rodrigo  joshua bassett  matt cornett united states"
TV Show,hostile planet,bear grylls,united states,tv-pg,"animals & nature, docuseries, survival","TV Show tv-pg animals & nature, docuseries, survival bear grylls united states"
TV Show,hulk and the agents of s.m.a.s.h.,fred tatasciore  clancy brown  seth green,united states,tv-y7,"action-adventure, animation, comedy","TV Show tv-y7 action-adventure, animation, comedy fred tatasciore  clancy brown  seth green united states"
TV Show,iron man (series),robert hays  james avery  ed gilbert,united states,tv-y7,"action-adventure, animation, kids","TV Show tv-y7 action-adventure, animation, kids robert hays  james avery  ed gilbert united states"
TV Show,iron man armored adventures,adrian petriw  daniel bacon  anna cummer,"canada, united states, united kingdom, france, luxembourg",tv-g,"action-adventure, animation, coming of age","TV Show tv-g action-adventure, animation, coming of age adrian petriw  daniel bacon  anna cummer canada, united states, united kingdom, france, luxembourg"
TV Show,jessie,debby ryan  peyton list  cameron boyce,united states,tv-pg,"comedy, coming of age, family","TV Show tv-pg comedy, coming of age, family debby ryan  peyton list  cameron boyce united states"
TV Show,kickin' it,leo howard  dylan snyder  mateo arias,united states,tv-pg,"action-adventure, comedy, coming of age","TV Show tv-pg action-adventure, comedy, coming of age leo howard  dylan snyder  mateo arias united states"
TV Show,kingdom of the white wolf,jenny jules,united states,tv-pg,"action-adventure, animals & nature, docuseries","TV Show tv-pg action-adventure, animals & nature, docuseries jenny jules united states"
TV Show,lab rats,billy unger  spencer boldman  kelli berglund,united states,tv-y7,"action-adventure, comedy, coming of age","TV Show tv-y7 action-adventure, comedy, coming of age billy unger  spencer boldman  kelli berglund united states"
TV Show,lego disney frozen: northern lights (shorts),unknown,united states,tv-y7,"action-adventure, animation, comedy","TV Show tv-y7 action-adventure, animation, comedy unknown united states"
TV Show,lego star wars: all stars,jasmin brown  josh peck  zeno robinson,united states,tv-y7,"action-adventure, animation, comedy","TV Show tv-y7 action-adventure, animation, comedy jasmin brown  josh peck  zeno robinson united states"
TV Show,lego star wars: all stars (shorts),matthew wood  yvette brown  nicolas cantu,unknown,tv-y7,"action-adventure, animation, comedy","TV Show tv-y7 action-adventure, animation, comedy matthew wood  yvette brown  nicolas cantu unknown"
TV Show,lego star wars: droid tales,tom kane  anthony daniels  trevor devall,united states,tv-y7,"action-adventure, animation, comedy","TV Show tv-y7 action-adventure, animation, comedy tom kane  anthony daniels  trevor devall united states"
TV Show,lego star wars: resistance rises (shorts),unknown,"united states, denmark",tv-y7-fv,"action-adventure, animation, comedy","TV Show tv-y7-fv action-adventure, animation, comedy unknown united states, denmark"
TV Show,lego star wars: the freemaker adventures,matt sloan  trevor devall  greg baldwin,united states,tv-y7,"action-adventure, animation, comedy","TV Show tv-y7 action-adventure, animation, comedy matt sloan  trevor devall  greg baldwin united states"
TV Show,lego star wars: the freemaker adventures (shorts),unknown,unknown,tv-y7,"action-adventure, animation, comedy","TV Show tv-y7 action-adventure, animation, comedy unknown unknown"
TV Show,lizzie mcguire,hilary duff  lalaine   adam lamberg,united states,tv-g,"comedy, coming of age, kids","TV Show tv-g comedy, coming of age, kids hilary duff  lalaine   adam lamberg united states"
TV Show,lost treasures of the maya,albert lin,"united states, guatemala",tv-pg,"docuseries, historical","TV Show tv-pg docuseries, historical albert lin united states, guatemala"
TV Show,marvel comics x-men,cedric smith  catherine disher  alyson court,"united states, canada",tv-y7,"action-adventure, animation, fantasy","TV Show tv-y7 action-adventure, animation, fantasy cedric smith  catherine disher  alyson court united states, canada"
TV Show,marvel rising: initiation (shorts),unknown,united states,tv-y7,"action-adventure, animation, kids","TV Show tv-y7 action-adventure, animation, kids unknown united states"
TV Show,marvel ultimate spider-man,drake bell  chi mcbride  steven weber,united states,tv-y7,"action-adventure, animation, fantasy","TV Show tv-y7 action-adventure, animation, fantasy drake bell  chi mcbride  steven weber united states"
TV Show,marvel's agent carter,hayley atwell  james d'arcy  chad murray,united states,tv-14,"action-adventure, science fiction, spy/espionage","TV Show tv-14 action-adventure, science fiction, spy/espionage hayley atwell  james d'arcy  chad murray united states"
TV Show,marvel's ant-man (shorts),unknown,united states,tv-y7,"action-adventure, animation, comedy","TV Show tv-y7 action-adventure, animation, comedy unknown united states"
TV Show,marvel's avengers assemble,adrian pasdar  fred tatasciore  roger smith,united states,tv-y7,"action-adventure, animation, kids","TV Show tv-y7 action-adventure, animation, kids adrian pasdar  fred tatasciore  roger smith united states"
TV Show,marvel's avengers: secret wars (shorts),unknown,unknown,tv-y7,"action-adventure, animation, kids","TV Show tv-y7 action-adventure, animation, kids unknown unknown"
TV Show,marvel's guardians of the galaxy (series),will friedle  trevor devall  kevin richardson,united states,tv-y7,"action-adventure, animation, kids","TV Show tv-y7 action-adventure, animation, kids will friedle  trevor devall  kevin richardson united states"
TV Show,marvel's guardians of the galaxy (shorts),unknown,unknown,tv-y7,"action-adventure, animation, kids","TV Show tv-y7 action-adventure, animation, kids unknown unknown"
TV Show,marvel's hero project,unknown,united states,tv-pg,"docuseries, family","TV Show tv-pg docuseries, family unknown united states"
TV Show,marvel's inhumans,anson mount  serinda swan  ken leung,united states,tv-14,"action-adventure, science fiction, superhero","TV Show tv-14 action-adventure, science fiction, superhero anson mount  serinda swan  ken leung united states"
TV Show,marvel's rocket & groot (shorts),unknown,unknown,tv-y7,"action-adventure, animation, buddy","TV Show tv-y7 action-adventure, animation, buddy unknown unknown"
TV Show,marvel's ultimate comics,cole howard  brian drummond,unknown,tv-y7,"action-adventure, animation, comedy","TV Show tv-y7 action-adventure, animation, comedy cole howard  brian drummond unknown"
TV Show,mickey mouse (shorts),unknown,united states,tv-g,"animation, kids","TV Show tv-g animation, kids unknown united states"
TV Show,mickey mouse club (1955-59),unknown,united states,tv-pg,"family, variety","TV Show tv-pg family, variety unknown united states"
TV Show,muppet moments (shorts),unknown,united states,tv-y7,"anthology, comedy, kids","TV Show tv-y7 anthology, comedy, kids unknown united states"
TV Show,my friends tigger & pooh,jim cummings,united states,tv-y,"animation, kids","TV Show tv-y animation, kids jim cummings united states"
TV Show,origins: the journey of humankind,mark monroe  jason silva,united states,tv-14,"docuseries, historical","TV Show tv-14 docuseries, historical mark monroe  jason silva united states"
TV Show,out of the box,vivian bayubay  tony james  jill schackner,united states,tv-g,kids,TV Show tv-g kids vivian bayubay  tony james  jill schackner united states
TV Show,phil of the future,ricky ullman  amy bruckner  craig anton,united states,tv-g,"comedy, coming of age, kids","TV Show tv-g comedy, coming of age, kids ricky ullman  amy bruckner  craig anton united states"
TV Show,phineas and ferb,vincent martella  ashley tisdale  thomas sangster,"united states, south korea, china, taiwan",tv-g,"action-adventure, animation, comedy","TV Show tv-g action-adventure, animation, comedy vincent martella  ashley tisdale  thomas sangster united states, south korea, china, taiwan"
TV Show,pixar in real life,unknown,united states,tv-g,"anthology, comedy, family","TV Show tv-g anthology, comedy, family unknown united states"
TV Show,quack pack,tony anselmo  james avery  brian cummings,united states,tv-y,"action-adventure, animation, comedy","TV Show tv-y action-adventure, animation, comedy tony anselmo  james avery  brian cummings united states"
TV Show,rocky mountain animal rescue,chopper bernet,united states,tv-pg,"animals & nature, docuseries, family","TV Show tv-pg animals & nature, docuseries, family chopper bernet united states"
TV Show,shake it up,bella thorne  zendaya   davis cleveland,united states,tv-g,"buddy, comedy, coming of age","TV Show tv-g buddy, comedy, coming of age bella thorne  zendaya   davis cleveland united states"
TV Show,silver surfer,paul essiembre  james blendick  robert bockstael,"united states, canada",tv-y7,"action-adventure, animation, kids","TV Show tv-y7 action-adventure, animation, kids paul essiembre  james blendick  robert bockstael united states, canada"
TV Show,so weird,cara delizia  patrick levis  erik von detten,canada,tv-y7,"fantasy, kids, mystery","TV Show tv-y7 fantasy, kids, mystery cara delizia  patrick levis  erik von detten canada"
TV Show,spider-man (shorts),unknown,unknown,tv-y7,"action-adventure, animation, kids","TV Show tv-y7 action-adventure, animation, kids unknown unknown"
TV Show,spider-man and his amazing friends,hans conried  jerry dexter  george dicenzo,united states,tv-y7,"action-adventure, animation, kids","TV Show tv-y7 action-adventure, animation, kids hans conried  jerry dexter  george dicenzo united states"
TV Show,spider-man unlimited,rino romano  kathleen barr  jim byrnes,"united states, canada",tv-y7,"action-adventure, animation, kids","TV Show tv-y7 action-adventure, animation, kids rino romano  kathleen barr  jim byrnes united states, canada"
TV Show,spider-woman,joan ark  bruce miller  bryan scott,united states,tv-y7,"action-adventure, animation, kids","TV Show tv-y7 action-adventure, animation, kids joan ark  bruce miller  bryan scott united states"
TV Show,star wars forces of destiny (shorts),"ashley eckstein  matt lanter  c1-10p a.k.a. ""chopper"" ",united states,tv-y7,"action-adventure, animation, anthology","TV Show tv-y7 action-adventure, animation, anthology ashley eckstein  matt lanter  c1-10p a.k.a. ""chopper""  united states"
TV Show,star wars rebels,taylor gray  vanessa marshall  freddie prinze jr.,united states,tv-y7,"action-adventure, animation, kids","TV Show tv-y7 action-adventure, animation, kids taylor gray  vanessa marshall  freddie prinze jr. united states"
TV Show,star wars rebels (shorts),unknown,unknown,tv-y7,"action-adventure, animation, kids","TV Show tv-y7 action-adventure, animation, kids unknown unknown"
TV Show,star wars: blips,unknown,united states,tv-y7-fv,series,TV Show tv-y7-fv series unknown united states
TV Show,talespin,charlie adler  jim cummings  ed gilbert,united states,tv-g,"action-adventure, animation, kids","TV Show tv-g action-adventure, animation, kids charlie adler  jim cummings  ed gilbert united states"
TV Show,the adventures of spin and marty,david stollery  tim considine,united states,tv-g,"buddy, coming of age, family","TV Show tv-g buddy, coming of age, family david stollery  tim considine united states"
TV Show,the avengers: earth's mightiest heroes,eric loomis  bumper robinson  dawn olivera,united states,tv-y7,"action-adventure, animation, kids","TV Show tv-y7 action-adventure, animation, kids eric loomis  bumper robinson  dawn olivera united states"
TV Show,the avengers: united they stand,martin roach  rod wilson  lenore zann,"france, canada, united states",tv-y7,"action-adventure, animation, kids","TV Show tv-y7 action-adventure, animation, kids martin roach  rod wilson  lenore zann france, canada, united states"
TV Show,the book of once upon a time,kate mulvany,unknown,tv-y,"animation, anthology, kids","TV Show tv-y animation, anthology, kids kate mulvany unknown"
TV Show,the book of pooh,jim cummings  paul tiesler  jeff bennett,united states,tv-y,"comedy, kids","TV Show tv-y comedy, kids jim cummings  paul tiesler  jeff bennett united states"
TV Show,the imagineering story,unknown,united states,tv-pg,"docuseries, historical","TV Show tv-pg docuseries, historical unknown united states"
TV Show,the muppets (series),bill barretta  dave goelz  eric jacobson,united states,tv-pg,comedy,TV Show tv-pg comedy bill barretta  dave goelz  eric jacobson united states
TV Show,the new adventures of winnie the pooh,jim cummings  paul winchell  john fiedler,united states,tv-y,"animation, kids","TV Show tv-y animation, kids jim cummings  paul winchell  john fiedler united states"
TV Show,the replacements,nancy cartwright  grey delisle  kath soucie,united states,tv-g,"animation, comedy, family","TV Show tv-g animation, comedy, family nancy cartwright  grey delisle  kath soucie united states"
TV Show,the suite life of zack & cody,cole sprouse  dylan sprouse  brenda song,united states,tv-g,"action-adventure, comedy, coming of age","TV Show tv-g action-adventure, comedy, coming of age cole sprouse  dylan sprouse  brenda song united states"
TV Show,the suite life on deck,cole sprouse  dylan sprouse  brenda song,united states,tv-g,"action-adventure, comedy, coming of age","TV Show tv-g action-adventure, comedy, coming of age cole sprouse  dylan sprouse  brenda song united states"
TV Show,the world according to jeff goldblum,jeff goldblum,united states,tv-pg,docuseries,TV Show tv-pg docuseries jeff goldblum united states
TV Show,timon & pumbaa,quinton flynn  ernie sabella  jim cummings,united states,tv-y,"animation, buddy, comedy","TV Show tv-y animation, buddy, comedy quinton flynn  ernie sabella  jim cummings united states"
TV Show,wild yellowstone,bart thomasson,germany,tv-pg,"animals & nature, docuseries, travel","TV Show tv-pg animals & nature, docuseries, travel bart thomasson germany"
TV Show,wizards of waverly place,selena gomez  david henrie  jake austin,united states,tv-g,"comedy, coming of age, fantasy","TV Show tv-g comedy, coming of age, fantasy selena gomez  david henrie  jake austin united states"
TV Show,wolverine and the x-men,steve blum  chris edgerly  jennifer hale,united states,tv-y7,"action-adventure, animation, kids","TV Show tv-y7 action-adventure, animation, kids steve blum  chris edgerly  jennifer hale united states"
TV Show,x-men: evolution,noel fisher  vincent gale  christopher judge,united states,tv-y7,"action-adventure, animation, kids","TV Show tv-y7 action-adventure, animation, kids noel fisher  vincent gale  christopher judge united states"
TV Show,smart guy,tahj mowry  john jones  jason weaver,united states,tv-g,"comedy, coming of age, kids","TV Show tv-g comedy, coming of age, kids tahj mowry  john jones  jason weaver united states"
TV Show,disney kirby buckets,jacob bertrand  mekai curtis  cade sutton,united states,tv-y7,"action-adventure, comedy, coming of age","TV Show tv-y7 action-adventure, comedy, coming of age jacob bertrand  mekai curtis  cade sutton united states"
TV Show,disney mech-x4,nathaniel potvin  raymond cham  kamran lucas,canada,tv-y7,"action-adventure, comedy, science fiction","TV Show tv-y7 action-adventure, comedy, science fiction nathaniel potvin  raymond cham  kamran lucas canada"
TV Show,imagination movers,rich collins  dave poche  scott durbin,united states,tv-y,"kids, music","TV Show tv-y kids, music rich collins  dave poche  scott durbin united states"
